"sample_id","X2","country","sex","center","age_recr","a_sta_smok","a_quit_smok","dodiag","SNP1","SNP2","SNP3","SNP4","SNP5"
"A00001_0059","","7",2,"41",62.65845,21,NA,NA,"1","1","1","0","0"
"A00001_0845","","4",2,"92",39.8193,NA,NA,"19jan2009","0","1","2","0","2"
"A00001_0481","","1",2,"81",67.62218,NA,NA,"04jul1995","1","2","1","0","1"
"A00001_0309","","B",1,"52",55.62218,NA,NA,NA,"2","0","1","0","2"
"A00001_0699","","6",1,"34",62.33812,NA,NA,NA,"1","1","0","0","1"
"A00001_0363","","5",2,"42",51.56742,18,25,NA,"1","2","0","0","1"
"A00001_0489","","3",2,"71",44.13689,20,NA,"15feb1997","2","1","0","1","2"
"A00001_0397","","1",2,"61",41.75222,21,NA,NA,"1","0","1","0","2"
"A00001_0487","","2",2,"41",59.31554,15,NA,"04dec2007","0","0","0","1","2"
"A00001_0403","","6",1,"81",35.2334,17,NA,NA,"2","2","1","0","1"
"A00001_0112","","9",1,"91",59.25804,15,28,NA,"1","1","1","2","1"
"A00001_0315","","2",2,"B2",50.14648,14,NA,"30may2000","1","1","1","2","1"
"A00001_0774","","4",1,"42",63.24162,NA,NA,"03feb2004","2","2","0","1","1"
"A00001_0366","","1",2,"34",59.05544,15,NA,"07mar2002","2","2","0","1","0"
"A00001_0266","","8",1,"42",61.03491,NA,NA,"01mar2001","0","2","1","1","1"
"A00001_0943","","9",2,"42",56.6872,NA,NA,"03aug2006","1","2","0","2","0"
"A00001_0299","","5",2,"92",61.67556,16,55,NA,"0","0","0","1","2"
"A00001_0595","","9",2,"81",55.56468,23,NA,"27mar2001","0","0","2","1","0"
"A00001_0822","","3",1,"92",74.7707,18,NA,NA,"1","1","1","2","2"
"A00001_0590","","9",1,"31",58.21218,30,NA,NA,"1","2","2","0","2"
"A00001_0958","","6",1,"82",59.2553,15,NA,"29feb1996","1","1","1","2","0"
"A00001_0419","","8",2,"91",60.64887,NA,NA,NA,"1","0","1","0","2"
"A00001_0786","","1",2,"41",69.83984,26,40,NA,"0","1","0","0","1"
"A00001_0168","","5",2,"92",55.49076,18,NA,"28oct1998","1","2","0","0","0"
"A00001_0023","","2",1,"81",54.35455,36,NA,"12sep2000","0","0","2","0","1"
"A00001_0204","","3",1,"15",53.97673,22,48,NA,"2","1","1","2","1"
"A00001_0885","","1",1,"92",41.48118,NA,NA,NA,"0","2","1","0","1"
"A00001_0515","","9",1,"61",65.22656,14,NA,NA,"1","0","0","1","1"
"A00001_0896","","8",2,"24",43.68789,NA,NA,"10nov2004","1","2","2","2","0"
"A00001_0911","","7",1,"81",59.10746,18,NA,"15aug2006","2","2","1","2","0"
"A00001_0302","","8",2,"61",49.4757,NA,NA,NA,"1","1","1","0","0"
"A00001_0251","","1",1,"61",51.6742,40,NA,"06dec2004","1","1","2","1","1"
"A00001_0444","","2",2,"81",52.846,NA,NA,"19apr2006","2","1","1","0","2"
"A00001_0328","","4",2,"81",51.37851,15,NA,"21sep2007","1","2","2","0","2"
"A00001_0069","","8",2,"24",55.80287,18,NA,"16jul2002","0","2","0","0","1"
"A00001_0563","","6",2,"61",58.05886,NA,27,NA,"1","1","1","2","0"
"A00001_0174","","8",2,"B2",51.84668,NA,NA,NA,"2","1","1","1","0"
"A00001_0687","","5",1,"72",62.45311,NA,NA,"29oct2004","1","0","0","1","2"
"A00001_0561","","7",2,"33",51.75633,NA,NA,"02nov2004","1","2","1","2","1"
"A00001_0097","","5",1,"15",52.20534,14,NA,"11oct2001","2","0","2","0","1"
"A00001_0697","","4",2,"52",52.60507,18,NA,NA,"2","1","1","0","0"
"A00001_0058","","4",2,"81",50.37372,20,NA,"01nov1994","2","1","2","0","1"
"A00001_0120","","8",1,"81",57.40452,16,NA,"01jan1999","2","1","1","1","0"
"A00001_0754","","5",2,"51",58.30527,19,NA,"04jul2002","2","2","0","1","2"
"A00001_0648","","9",2,"72",44.1807,13,23,NA,"1","2","2","2","2"
"A00001_0425","","9",1,"41",70.6475,14,NA,"15aug2002","0","0","0","0","1"
"A00001_0649","","5",2,"92",40.4052,19,NA,NA,"0","2","0","1","1"
"A00001_0319","","8",2,"91",53.44559,NA,NA,"23jun2003","0","0","1","0","1"
"A00001_0517","","5",1,"23",64.53114,NA,NA,NA,"1","1","2","0","2"
"A00001_0092","","6",1,"41",65.48392,17,NA,NA,"1","1","2","1","0"
"A00001_0099","","2",2,"72",57.82341,18,NA,NA,"1","2","1","0","0"
"A00001_0389","","4",1,"71",57.68378,14,NA,NA,"1","1","1","0","0"
"A00001_0743","","9",1,"82",52.04654,16,NA,"04feb2008","2","2","1","1","2"
"A00001_0475","","6",1,"72",61.42368,18,37,"05jun2003","1","1","1","1","0"
"A00001_0887","","4",1,"13",42.15195,22,NA,NA,"2","1","0","2","0"
"A00001_0551","","B",1,"52",59.8412,15,47,"16apr2008","1","2","1","0","1"
"A00001_0082","","9",1,"51",53.8809,NA,NA,"15aug1998","1","1","0","1","1"
"A00001_0621","","7",2,"92",55.22793,18,37,NA,"0","2","0","2","0"
"A00001_0301","","4",1,"42",50.71869,NA,NA,NA,"0","0","2","1","0"
"A00001_0854","","7",1,"B1",57.48939,30,NA,NA,"2","2","2","0","0"
"A00001_0250","","9",1,"92",34.65024,16,35,"01aug2001","2","0","0","0","0"
"A00001_0709","","4",2,"71",59.82204,NA,NA,"15jul2002","0","1","2","2","1"
"A00001_0559","","7",2,"51",46.8501,16,NA,"04nov2006","1","1","1","2","1"
"A00001_0930","","9",1,"B1",50.66119,NA,NA,"15oct2007","2","0","0","2","2"
"A00001_0284","","4",1,"91",68.04928,NA,NA,NA,"2","0","2","2","1"
"A00001_0158","","7",1,"91",49.68378,NA,42,NA,"0","2","2","2","1"
"A00001_0978","","4",2,"81",49.4976,NA,52,NA,"0","1","1","0","2"
"A00001_0357","","9",2,"B1",49.19918,NA,NA,"06feb2008","2","1","0","1","0"
"A00001_0781","","9",2,"81",63.63587,NA,NA,NA,"2","0","2","0","0"
"A00001_0202","","4",2,"92",57.0486,18,31,NA,"0","2","1","1","2"
"A00001_0396","","1",2,"15",61.80151,14,NA,"29aug2002","1","0","2","1","0"
"A00001_0252","","5",2,"91",56.72005,18,60,"17apr2007","2","0","0","1","1"
"A00001_0941","","9",2,"52",58.58453,18,NA,NA,"0","1","2","0","2"
"A00001_0248","","2",1,"91",43.79466,18,NA,NA,"1","2","2","2","1"
"A00001_0672","","2",2,"61",28.65435,17,52,NA,"1","0","1","0","1"
"A00001_0748","","B",2,"41",43.22519,25,42,"23jan2003","0","2","2","1","2"
"A00001_0156","","4",2,"92",42.50513,18,59,NA,"0","0","1","2","0"
"A00001_0661","","9",2,"41",45.7358,17,NA,"22mar1998","2","2","2","2","2"
"A00001_0418","","8",1,"71",55.38672,24,NA,NA,"0","0","0","1","0"
"A00001_0338","","4",2,"81",65.85626,NA,NA,"11jan2007","0","2","2","2","0"
"A00001_0912","","9",2,"72",62.55168,21,NA,"15may2001","0","2","0","1","1"
"A00001_0799","","9",2,"13",44.84873,NA,45,NA,"2","0","2","2","2"
"A00001_0180","","4",1,"51",52.22724,13,NA,"15sep1997","2","1","2","2","2"
"A00001_0980","","7",1,"16",57.3525,15,52,"03dec2007","1","2","2","1","0"
"A00001_0321","","B",2,"92",62.1191,NA,41,"10jul2008","2","1","2","1","1"
"A00001_0458","","1",1,"24",58.55168,18,NA,"16apr2007","1","2","1","2","0"
"A00001_0646","","4",1,"82",46.17385,18,NA,"12aug2008","0","2","1","0","2"
"A00001_0852","","9",2,"92",50.01506,16,NA,"15feb2003","0","1","1","2","2"
"A00001_0445","","1",2,"52",53.53046,18,NA,"21may2004","0","0","1","2","0"
"A00001_0408","","1",1,"71",51.85763,NA,NA,"03aug2001","2","0","1","1","0"
"A00001_0554","","2",1,"51",47.52361,15,32,NA,"2","1","2","2","0"
"A00001_0679","","4",2,"41",57.74949,18,21,"19aug2008","1","1","2","1","2"
"A00001_0527","","5",2,"81",52.39699,16,NA,"21mar1995","1","1","0","0","0"
"A00001_0333","","4",2,"92",40.29295,19,52,"10apr2001","2","0","2","2","1"
"A00001_0044","","7",2,"42",55.40315,NA,31,NA,"2","1","2","0","1"
"A00001_0898","","7",2,"B2",49.45106,20,NA,NA,"2","1","2","0","0"
"A00001_0863","","4",2,"91",61.76044,NA,NA,NA,"0","1","2","0","2"
"A00001_0107","","4",2,"11",63.04449,22,32,NA,"0","1","0","0","1"
"A00001_0476","","5",1,"35",51.78645,16,NA,NA,"2","1","1","0","2"
"A00001_0332","","2",1,"51",75.38672,18,NA,"28jul1998","1","2","1","2","0"
"A00001_0780","","9",1,"91",42.25325,14,NA,NA,"2","1","2","0","2"
"A00001_0768","","5",2,"41",64.40794,15,NA,NA,"2","0","2","2","2"
"A00001_0149","","2",2,"92",52.65982,17,NA,NA,"2","1","1","1","2"
"A00001_0242","","4",1,"91",45.19918,NA,NA,"02may1998","2","1","0","1","1"
"A00001_0279","","2",1,"51",66.33539,40,NA,NA,"0","0","2","2","1"
"A00001_0541","","8",1,"41",63.15674,20,NA,NA,"2","0","2","1","2"
"A00001_0335","","2",2,"42",67.53183,18,45,NA,"2","1","0","0","2"
"A00001_0231","","2",1,"81",52.89528,12,NA,NA,"2","2","0","0","1"
"A00001_0816","","3",2,"72",50.77618,NA,NA,"16apr2007","0","0","0","2","1"
"A00001_0720","","8",2,"16",62.59274,40,NA,NA,"0","1","0","0","1"
"A00001_0094","","9",2,"91",30.18207,34,NA,NA,"0","0","0","1","2"
"A00001_0294","","5",2,"82",57.46475,NA,NA,NA,"2","1","2","0","2"
"A00001_0002","","B",2,"61",67.4935,15,NA,NA,"1","2","2","1","0"
"A00001_0642","","6",1,"71",53.38809,NA,NA,"21oct1998","1","1","1","0","2"
"A00001_0263","","9",1,"92",61.42642,18,30,"19jan2005","0","0","2","1","0"
"A00001_0024","","4",2,"41",46.59822,18,61,NA,"1","0","0","2","0"
"A00001_0495","","3",2,"B2",50.18207,NA,NA,"18apr2006","2","0","0","1","1"
"A00001_0424","","9",1,"51",31.50171,18,34,"25may2006","0","0","1","1","2"
"A00001_0509","","9",1,"92",59.78645,12,NA,NA,"0","0","1","2","1"
"A00001_0449","","3",2,"13",44.39151,NA,32,"02may2001","0","0","2","1","2"
"A00001_0039","","4",2,"92",58.55168,18,NA,"27sep2000","2","1","0","2","1"
"A00001_0516","","3",1,"33",53.17454,18,NA,NA,"0","1","2","2","2"
"A00001_0662","","B",2,"23",52.32307,30,60,"19may2006","0","0","0","2","1"
"A00001_0957","","5",1,"21",64.55578,25,50,"18feb1997","2","1","0","0","2"
"A00001_0479","","3",1,"51",47.84942,13,NA,NA,"2","2","1","1","1"
"A00001_0700","","5",2,"91",56.87611,NA,27,NA,"1","2","0","2","2"
"A00001_0580","","2",2,"25",65.30869,NA,NA,NA,"2","0","1","0","2"
"A00001_0771","","8",2,"42",50.88843,18,57,"15dec1998","1","0","1","1","1"
"A00001_0756","","2",1,"33",48.72279,15,56,NA,"0","0","2","0","1"
"A00001_0416","","1",2,"22",65.80698,15,NA,NA,"1","0","0","1","1"
"A00001_0010","","9",2,"72",53.65092,NA,38,"12jul2004","1","2","1","0","0"
"A00001_0583","","9",1,"41",52.79124,29,NA,NA,"0","0","1","2","1"
"A00001_0077","","9",2,"41",64.23272,NA,NA,NA,"0","2","0","0","2"
"A00001_0690","","8",1,"72",37.65092,NA,NA,NA,"0","0","1","2","1"
"A00001_0665","","9",2,"35",68.8898,20,58,NA,"0","0","1","0","2"
"A00001_0821","","9",2,"81",70.48597,NA,NA,NA,"1","1","1","1","0"
"A00001_0176","","3",2,"B2",32.79124,21,44,NA,"1","0","1","2","1"
"A00001_0003","","9",1,"15",54.43121,15,52,"17may1999","2","2","0","0","2"
"A00001_0759","","9",1,"81",54.92129,24,NA,NA,"2","2","1","1","0"
"A00001_0608","","1",2,"81",55.18412,15,NA,NA,"2","2","0","0","2"
"A00001_0235","","5",2,"21",60.27105,16,NA,"15aug1998","2","2","2","0","0"
"A00001_0847","","3",2,"42",61.86721,NA,NA,NA,"2","0","1","0","0"
"A00001_0098","","8",1,"52",70.36003,NA,NA,NA,"0","1","2","1","2"
"A00001_0984","","1",2,"82",46.47775,18,60,NA,"0","2","2","2","1"
"A00001_0725","","6",1,"92",74.31075,18,NA,"23jan2004","0","1","1","2","0"
"A00001_0446","","6",2,"41",39.51266,NA,42,"19feb1998","0","0","1","0","0"
"A00001_0973","","7",2,"81",55.17864,NA,NA,NA,"0","2","1","0","2"
"A00001_0185","","B",1,"16",64.22998,NA,NA,NA,"0","2","0","0","2"
"A00001_0144","","2",2,"51",52.93087,16,NA,NA,"2","1","0","0","1"
"A00001_0631","","7",1,"42",54.6694,20,NA,NA,"2","2","0","0","1"
"A00001_0448","","7",2,"61",64.57495,15,64,"24jan2005","0","1","2","0","1"
"A00001_0717","","5",2,"42",64.58316,NA,NA,"16jul2001","1","2","2","0","1"
"A00001_0384","","4",2,"92",62.36824,17,NA,"15dec2001","1","1","0","1","2"
"A00001_0963","","5",2,"41",60.45722,NA,NA,"28apr2004","2","1","1","1","2"
"A00001_0241","","1",1,"92",49.23203,20,NA,"01sep1999","0","1","2","2","2"
"A00001_0190","","7",2,"92",54.13005,NA,NA,NA,"2","2","1","2","2"
"A00001_0906","","B",2,"51",67.91239,18,NA,NA,"1","2","2","2","0"
"A00001_0096","","1",2,"72",66.69678,18,NA,"15jun2001","0","2","2","0","0"
"A00001_0142","","3",2,"81",63.6386,NA,NA,"06may2002","1","1","1","0","2"
"A00001_0628","","9",2,"51",53.68378,14,NA,NA,"0","2","0","1","1"
"A00001_0439","","9",2,"15",47.60027,NA,NA,NA,"0","0","1","0","1"
"A00001_0974","","5",1,"92",54.94319,25,NA,"24aug1994","1","1","2","0","0"
"A00001_0109","","8",2,"72",71.02806,18,61,NA,"2","2","1","0","1"
"A00001_0349","","7",1,"72",55.12115,18,NA,"13nov2003","0","0","2","1","2"
"A00001_0641","","1",1,"42",59.3128,14,40,NA,"1","1","2","2","0"
"A00001_0950","","7",2,"23",47.18138,27,NA,"25apr1995","2","2","0","2","2"
"A00001_0739","","3",2,"72",54.83368,NA,NA,NA,"1","1","2","1","2"
"A00001_0406","","9",1,"92",58.73238,19,NA,NA,"2","2","0","0","2"
"A00001_0718","","1",2,"81",63.62491,NA,NA,"15jun1999","2","1","0","2","1"
"A00001_0025","","2",1,"22",56.57769,NA,NA,"17jan2007","1","0","2","2","1"
"A00001_0676","","1",1,"16",67.10198,16,NA,NA,"2","2","1","2","1"
"A00001_0238","","2",2,"41",52.26557,NA,NA,NA,"0","0","2","0","0"
"A00001_0093","","6",1,"52",50.34908,27,NA,NA,"1","1","0","1","2"
"A00001_0587","","9",1,"92",65.17728,NA,NA,"02jul2004","1","0","0","1","2"
"A00001_0022","","8",1,"81",62.98426,NA,NA,NA,"0","0","1","1","2"
"A00001_0376","","4",2,"82",70.15469,18,NA,NA,"1","2","2","2","2"
"A00001_0102","","8",2,"92",66.3436,15,NA,NA,"0","0","1","2","1"
"A00001_0083","","7",2,"61",53.86995,17,NA,"27aug1999","2","2","1","2","0"
"A00001_0657","","1",2,"61",48.63518,15,23,NA,"1","1","0","0","0"
"A00001_0409","","1",2,"24",37.82067,16,NA,"13dec2006","0","0","1","2","2"
"A00001_0815","","3",2,"16",68.88433,18,NA,NA,"2","1","2","1","2"
"A00001_0891","","5",1,"24",66.69952,16,NA,"15oct2002","2","1","0","2","0"
"A00001_0671","","1",2,"72",45.74675,19,NA,NA,"1","2","1","2","0"
"A00001_0480","","4",1,"82",58.64476,NA,NA,"18may2007","0","2","2","0","0"
"A00001_0604","","7",2,"71",65.73854,NA,NA,NA,"0","2","2","0","2"
"A00001_0729","","5",1,"52",52.66804,17,NA,"08nov2005","0","2","1","0","1"
"A00001_0880","","1",1,"41",69.41821,NA,NA,"20aug2004","0","1","0","0","0"
"A00001_0805","","7",2,"92",63.41136,19,NA,NA,"0","0","1","1","1"
"A00001_0664","","1",2,"92",45.12799,17,NA,"07aug2002","2","0","2","2","1"
"A00001_0986","","9",2,"25",49.84805,16,NA,"11apr2003","1","0","2","1","0"
"A00001_0640","","7",1,"92",52.95277,14,NA,NA,"2","1","0","2","2"
"A00001_0694","","4",1,"92",58.08898,15,NA,NA,"0","1","0","2","0"
"A00001_0917","","5",2,"91",45.34976,NA,NA,NA,"2","1","0","2","1"
"A00001_0994","","9",1,"72",49.92197,15,53,"05sep2005","2","2","0","1","0"
"A00001_0632","","7",1,"82",67.21424,18,NA,NA,"0","2","2","1","1"
"A00001_0029","","B",2,"22",52.92539,NA,NA,"03dec1999","0","0","1","2","2"
"A00001_0091","","7",2,"72",51.40041,NA,33,NA,"0","1","1","2","2"
"A00001_0203","","4",2,"34",51.03354,NA,NA,"13dec1996","1","0","0","1","2"
"A00001_0617","","7",2,"72",51.78645,16,NA,"08aug1997","1","2","2","1","0"
"A00001_0474","","5",1,"41",52.55305,15,NA,NA,"0","1","1","0","1"
"A00001_0440","","2",2,"24",40.25462,18,16,NA,"1","1","2","1","1"
"A00001_0682","","4",1,"15",48.15332,14,58,"15may2003","2","1","1","2","1"
"A00001_0217","","6",1,"72",42.48323,14,NA,NA,"2","0","1","0","1"
"A00001_0169","","1",1,"B2",53.24298,18,NA,NA,"0","0","1","0","0"
"A00001_0188","","8",2,"52",59.65229,11,NA,NA,"0","0","2","2","2"
"A00001_0878","","7",2,"81",37.3306,17,NA,NA,"0","2","1","1","0"
"A00001_0062","","9",1,"13",55.00068,NA,NA,"15may1998","1","1","2","2","2"
"A00001_0012","","4",1,"82",48.97194,36,64,NA,"1","1","0","1","0"
"A00001_0741","","1",1,"61",61.53867,16,NA,"11mar2002","2","1","1","1","1"
"A00001_0513","","B",1,"42",56.53388,15,NA,NA,"0","0","0","1","1"
"A00001_0192","","5",1,"71",51.99452,15,NA,NA,"1","1","2","2","0"
"A00001_0749","","1",1,"41",59.07461,NA,NA,NA,"1","1","0","0","1"
"A00001_0693","","9",1,"82",70.4449,NA,NA,"15apr2001","0","0","2","2","0"
"A00001_0928","","3",1,"B1",55.96167,12,NA,NA,"2","0","0","0","1"
"A00001_0377","","8",1,"71",46.75154,16,NA,"28nov2001","2","0","2","2","1"
"A00001_0860","","8",1,"33",50.53525,10,NA,NA,"1","2","1","1","1"
"A00001_0038","","6",2,"81",51.35934,17,NA,NA,"1","2","0","0","2"
"A00001_0214","","9",2,"16",63.72348,16,NA,NA,"2","1","1","2","0"
"A00001_0114","","B",1,"91",23.34839,17,NA,"16jun2005","0","1","2","1","2"
"A00001_0613","","2",1,"12",43.19233,23,39,"28feb1997","2","1","0","1","1"
"A00001_0744","","3",2,"34",51.49624,15,42,NA,"2","1","0","1","0"
"A00001_0040","","3",1,"72",59.32923,17,NA,"26apr1995","1","2","0","0","0"
"A00001_0341","","4",1,"82",63.30732,NA,NA,NA,"1","0","0","0","1"
"A00001_0469","","9",1,"B2",52.96646,18,25,"01jul2004","2","0","0","0","2"
"A00001_0932","","2",1,"11",50.0835,25,NA,NA,"1","1","1","0","2"
"A00001_0146","","1",2,"81",62.68309,14,NA,NA,"2","2","1","0","1"
"A00001_0026","","9",2,"41",61.01027,NA,NA,NA,"1","0","1","1","1"
"A00001_0177","","8",2,"52",37.15264,21,NA,NA,"2","2","0","2","1"
"A00001_0610","","4",2,"71",55.73443,NA,NA,"22nov2007","2","0","2","0","2"
"A00001_0111","","2",2,"21",48.51745,14,NA,"14jun2006","1","2","1","1","1"
"A00001_0442","","B",2,"72",37.37166,NA,NA,NA,"2","0","2","0","0"
"A00001_0581","","4",2,"92",42.27242,17,NA,NA,"0","1","0","2","0"
"A00001_0020","","B",2,"15",48.81588,NA,NA,"13oct2001","2","0","2","1","1"
"A00001_0870","","6",2,"B1",62.68583,30,NA,"15nov1998","0","1","2","0","0"
"A00001_0246","","9",1,"42",46.60096,17,NA,NA,"0","2","2","0","0"
"A00001_0651","","9",1,"81",52.45175,20,NA,"12jul2004","0","0","2","0","1"
"A00001_0296","","6",2,"41",58.10541,14,41,NA,"0","1","0","0","1"
"A00001_0186","","3",2,"81",53.38535,13,42,"10apr1996","1","2","1","2","2"
"A00001_0510","","4",1,"61",51.07461,19,NA,"15feb2005","1","2","0","2","0"
"A00001_0087","","4",1,"52",58.73785,18,NA,NA,"0","2","1","1","2"
"A00001_0601","","2",2,"72",57.65366,NA,NA,"10sep2001","1","0","2","1","2"
"A00001_0079","","8",1,"71",57.78234,NA,NA,NA,"0","0","1","0","1"
"A00001_0918","","5",1,"42",52.43806,15,NA,NA,"1","1","0","2","2"
"A00001_0201","","9",1,"11",30.62012,15,NA,"03may2005","2","2","0","1","1"
"A00001_0145","","5",2,"71",63.09925,NA,NA,"26apr2005","1","1","1","1","2"
"A00001_0390","","5",2,"71",57.24572,NA,40,NA,"1","2","2","0","1"
"A00001_0488","","6",1,"71",61.13073,23,NA,NA,"0","1","2","0","1"
"A00001_0825","","4",2,"33",61.5332,NA,NA,NA,"1","0","0","2","2"
"A00001_0750","","9",1,"41",57.31417,17,NA,"20sep2007","0","1","0","0","1"
"A00001_0766","","2",2,"81",51.17043,16,40,"04dec2006","2","0","0","2","1"
"A00001_0667","","7",1,"21",56.69541,13,50,"04mar2004","0","2","2","1","1"
"A00001_0624","","4",1,"92",40.23272,18,NA,"16apr2002","1","2","2","0","1"
"A00001_0386","","9",1,"92",49.70568,NA,50,"04mar2004","2","2","1","1","1"
"A00001_0584","","9",1,"52",55.31828,18,NA,"05jul2005","1","0","1","2","0"
"A00001_0438","","4",2,"42",60.04654,NA,24,"02jul2003","1","1","1","1","0"
"A00001_0849","","7",2,"21",43.03354,16,58,"04mar2004","1","2","2","2","1"
"A00001_0738","","6",2,"42",55.37303,20,NA,"04mar2004","0","2","0","2","0"
"A00001_0218","","2",1,"33",59.46338,NA,NA,"04mar2004","2","2","0","1","0"
"A00001_0789","","B",2,"42",54.19302,NA,NA,"04mar2004","2","0","2","1","2"
"A00001_0055","","5",2,"35",74.00411,18,NA,"04feb2005","2","1","0","1","0"
"A00001_0758","","5",1,"91",76.91444,10,NA,"07feb2003","1","1","0","0","0"
"A00001_0656","","9",2,"13",54.84463,18,NA,"15apr2000","2","0","0","0","2"
"A00001_0243","","4",1,"92",62.98426,22,NA,"03jul2006","2","0","1","1","2"
"A00001_0570","","1",2,"91",52.4846,18,NA,"04mar2004","2","0","0","0","2"
"A00001_0240","","8",1,"71",45.58795,16,NA,"04jan2008","2","1","0","1","1"
"A00001_0293","","7",1,"34",56.9473,18,35,"21feb2001","1","0","1","2","1"
"A00001_0770","","4",1,"52",64.35318,28,NA,"04mar2004","0","1","2","0","2"
"A00001_0073","","8",2,"72",62.43943,20,67,"04mar2004","1","0","2","0","2"
"A00001_0157","","7",2,"71",53.38535,18,NA,"10nov2003","2","1","1","1","1"
"A00001_0359","","9",1,"51",56.62423,NA,NA,"04mar2004","1","0","2","0","2"
"A00001_0695","","9",2,"71",50.78713,NA,NA,"04mar2004","1","1","1","2","0"
"A00001_0398","","9",1,"82",41.84531,NA,NA,"15jul1997","1","1","1","2","2"
"A00001_0990","","5",2,"15",60.05476,17,NA,"04mar2004","2","1","1","1","2"
"A00001_0105","","7",2,"91",40.62149,26,65,"04mar2004","2","2","0","0","2"
"A00001_0939","","8",2,"51",60.80219,17,NA,"15sep1998","0","2","0","0","0"
"A00001_0925","","6",2,"61",73.013,14,37,"30jul2002","0","1","0","1","1"
"A00001_0921","","5",1,"52",54.75975,NA,NA,"04mar2004","1","1","1","2","2"
"A00001_0836","","1",2,"81",73.43463,16,NA,"04mar2004","1","1","1","0","0"
"A00001_0065","","1",2,"B2",63.5948,NA,63,"23dec2000","2","1","0","0","2"
"A00001_1000","","4",1,"72",49.77139,10,40,"04mar2004","0","0","0","1","0"
"A00001_0904","","8",2,"25",70.22313,40,NA,"22jul2002","2","0","0","0","1"
"A00001_0715","","9",1,"81",64.64887,14,NA,"09mar1999","1","0","1","1","2"
"A00001_0820","","2",2,"92",55.6386,18,NA,"04mar2004","1","0","2","0","1"
"A00001_0924","","4",1,"61",48.846,12,NA,"04mar2004","1","1","2","2","0"
"A00001_0954","","5",1,"92",61.01848,15,NA,"04mar2004","0","0","0","2","2"
"A00001_0721","","6",2,"42",49.8371,18,NA,"04mar2004","0","0","1","2","0"
"A00001_0876","","3",1,"92",64.14784,NA,NA,"04mar2004","2","2","0","1","1"
"A00001_0292","","9",2,"15",50.45038,21,NA,"01nov1999","0","0","0","1","0"
"A00001_0582","","8",1,"12",53.11431,20,NA,"04mar2004","2","2","1","2","1"
"A00001_0431","","7",1,"72",46.67488,NA,NA,"04mar2004","2","0","0","2","2"
"A00001_0295","","4",1,"16",54.17385,15,NA,"29sep2004","1","0","1","1","1"
"A00001_0996","","9",2,"13",61.3525,NA,NA,"04mar2004","1","2","2","0","1"
"A00001_0224","","4",1,"22",42.74606,NA,NA,"15mar1999","0","0","1","2","0"
"A00001_0193","","5",2,"32",42.43121,14,22,"20aug2003","1","0","0","2","1"
"A00001_0560","","8",1,"51",57.30322,NA,NA,"16feb2005","2","1","2","2","2"
"A00001_0538","","3",2,"92",39.97536,18,NA,"04mar2004","2","0","0","2","2"
"A00001_0623","","6",1,"82",65.37166,NA,33,"19feb2004","1","1","1","0","2"
"A00001_0138","","9",2,"61",65.4538,15,30,"19jun2002","2","1","0","1","1"
"A00001_0837","","2",2,"92",57.6345,NA,NA,"04mar2004","2","1","1","0","0"
"A00001_0568","","9",1,"32",50.3655,NA,NA,"04mar2004","1","1","2","1","0"
"A00001_0545","","1",2,"23",51.01164,18,NA,"05jan2006","0","2","2","2","0"
"A00001_0428","","4",2,"13",58.37919,17,NA,"15feb2007","2","0","1","1","0"
"A00001_0382","","2",2,"92",52.35044,NA,NA,"26aug2003","2","2","1","1","0"
"A00001_0505","","4",2,"92",61.66188,NA,NA,"15mar2003","1","1","1","1","0"
"A00001_0278","","5",1,"42",43.76454,9,NA,"15oct2007","0","0","0","1","2"
"A00001_0726","","6",2,"41",41.43463,15,37,"15sep1998","2","2","1","2","1"
"A00001_0461","","3",2,"92",54.27242,20,NA,"15dec1996","2","1","1","1","0"
"A00001_0983","","2",1,"42",46.15743,30,NA,"09dec2002","2","0","0","0","1"
"A00001_0504","","6",2,"92",36.45722,15,46,"15feb2002","2","1","2","2","2"
"A00001_0106","","2",1,"42",50.50787,NA,NA,"17may2004","0","0","0","2","0"
"A00001_0100","","7",2,"71",74.13552,44,NA,"04mar2004","1","1","0","0","2"
"A00001_0811","","4",2,"91",63.63313,17,NA,"04mar2004","0","1","0","2","0"
"A00001_0179","","2",2,"21",51.92608,17,56,"18jul2006","1","2","2","2","2"
"A00001_0223","","7",2,"81",61.76318,NA,NA,"04mar2004","0","2","2","1","2"
"A00001_0675","","8",1,"91",61.859,NA,NA,"04mar2004","2","1","2","2","0"
"A00001_0544","","4",2,"41",50.36277,13,NA,"15jun1999","0","0","2","0","2"
"A00001_0165","","B",2,"82",25.56605,23,NA,"03mar2004","1","1","2","0","1"
"A00001_0915","","4",1,"81",51.20329,NA,NA,"15apr1997","0","2","2","2","2"
"A00001_0375","","9",2,"21",55.65229,15,NA,"04oct1999","1","0","1","1","0"
"A00001_0585","","1",2,"32",41.66735,12,NA,"04mar2004","2","1","2","0","1"
"A00001_0846","","8",2,"13",64.99658,20,40,"14dec2001","2","0","2","2","2"
"A00001_0195","","9",1,"92",26.69405,18,32,"04mar2004","0","0","1","2","0"
"A00001_0776","","3",2,"92",63.85489,17,NA,"04mar2004","2","0","1","0","1"
"A00001_0798","","5",1,"21",43.75633,NA,NA,"15mar2000","0","1","1","2","1"
"A00001_0372","","1",2,"13",46.13826,15,NA,"16jun1998","1","2","2","0","2"
"A00001_0547","","8",1,"31",59.63587,NA,NA,"04mar2004","0","0","2","2","0"
"A00001_0638","","B",2,"14",59.07461,20,21,"04mar2004","0","2","0","0","2"
"A00001_0594","","9",1,"81",68.96099,17,NA,"01may2005","1","0","2","0","2"
"A00001_0348","","9",1,"92",67.45517,21,NA,"15nov2000","0","2","2","2","1"
"A00001_0009","","9",2,"42",42.97331,18,NA,"23jun1998","0","2","0","1","0"
"A00001_0465","","1",1,"42",63.55099,21,29,"04mar2004","0","0","1","2","2"
"A00001_0511","","2",1,"42",52.14237,17,NA,"04mar2004","2","2","2","2","2"
"A00001_0160","","B",2,"91",50.59822,NA,NA,"04mar2004","1","0","0","1","2"
"A00001_0135","","9",1,"41",58.45038,21,NA,"20oct1997","0","0","1","0","1"
"A00001_0843","","5",2,"81",54.11636,16,NA,"04mar2004","0","2","1","0","0"
"A00001_0381","","2",2,"42",55.77823,NA,NA,"04mar2004","2","0","1","1","0"
"A00001_0550","","4",2,"B1",54.0835,14,NA,"06may1999","2","0","2","1","2"
"A00001_0076","","8",1,"92",56.65161,NA,NA,"29mar2001","0","0","0","0","0"
"A00001_0936","","9",2,"81",62.57632,15,NA,"13aug2001","1","1","0","2","1"
"A00001_0745","","8",2,"81",54.74606,20,NA,"03apr2001","0","0","2","0","1"
"A00001_0670","","9",2,"82",64.81314,12,NA,"30mar2004","2","2","2","1","0"
"A00001_0576","","4",2,"41",70.49418,NA,NA,"04mar2004","1","0","1","2","0"
"A00001_0728","","8",1,"52",45.78508,18,NA,"04mar2004","1","0","0","2","2"
"A00001_0507","","8",2,"51",52.32854,NA,40,"21may1996","1","2","2","1","2"
"A00001_0473","","5",1,"51",51.11841,16,50,"01aug2006","1","2","1","2","2"
"A00001_0873","","3",1,"92",60.0219,16,NA,"04mar2004","2","0","0","0","2"
"A00001_0229","","B",1,"92",72.55305,20,NA,"08may2000","0","0","0","2","0"
"A00001_0133","","B",2,"92",55.77276,NA,NA,"07feb2006","2","0","2","2","0"
"A00001_0152","","4",1,"91",49.94935,18,NA,"15mar1999","0","0","1","2","2"
"A00001_0401","","6",1,"92",64.55852,20,NA,"01oct2001","0","0","1","1","0"
"A00001_0314","","8",1,"92",61.0705,24,NA,"04mar2004","2","1","1","1","2"
"A00001_0460","","4",1,"24",57.72758,16,44,"04mar2004","1","1","1","2","0"
"A00001_0034","","B",2,"92",58.69678,NA,NA,"14sep2001","0","1","0","1","2"
"A00001_0521","","9",1,"51",53.5989,NA,NA,"17oct2007","0","2","2","0","0"
"A00001_0016","","1",2,"61",48.96646,17,NA,"08jul1997","0","2","1","0","1"
"A00001_0607","","1",1,"11",64.55578,15,40,"17dec2001","2","0","0","0","2"
"A00001_0277","","2",1,"13",52.64613,30,NA,"04mar2004","0","2","0","0","2"
"A00001_0216","","7",1,"71",52.96372,14,37,"20jan2006","0","2","0","0","2"
"A00001_0995","","4",2,"92",64.78029,NA,52,"27jun2002","1","0","2","2","0"
"A00001_0606","","5",1,"52",55.38398,15,NA,"18dec2007","1","0","2","0","1"
"A00001_0548","","4",2,"11",58.33265,20,NA,"17aug1999","2","2","2","1","0"
"A00001_0496","","9",2,"71",20.25188,NA,NA,"04mar2004","1","0","1","0","0"
"A00001_0154","","1",1,"15",62.21766,NA,NA,"08may2002","0","0","2","2","1"
"A00001_0011","","5",2,"14",65.95209,20,NA,"03jul2006","2","1","2","0","2"
"A00001_0499","","4",2,"11",31.77002,16,NA,"04mar2004","1","2","0","1","1"
"A00001_0707","","5",2,"11",53.60986,NA,53,"04mar2004","2","0","2","1","0"
"A00001_0746","","9",2,"52",66.74059,15,NA,"04mar2004","2","2","2","2","0"
"A00001_0187","","4",1,"13",55.80014,18,50,"04mar2004","2","0","2","1","0"
"A00001_0526","","B",1,"13",52.12594,14,NA,"25feb2004","2","1","2","1","0"
"A00001_0492","","6",2,"61",28.81588,NA,NA,"04sep2006","0","2","1","2","1"
"A00001_0569","","9",2,"92",50.57906,17,NA,"19apr2002","2","0","2","0","0"
"A00001_0095","","1",2,"92",56.61328,NA,NA,"15dec1994","0","0","1","0","0"
"A00001_0823","","5",2,"92",63.12389,NA,NA,"04mar2004","2","1","2","1","1"
"A00001_0327","","9",2,"52",71.03901,49,NA,"04mar2004","0","2","1","2","2"
"A00001_0330","","8",2,"61",51.60027,17,NA,"04mar2004","1","2","0","1","1"
"A00001_0857","","1",1,"82",31.01437,19,NA,"03mar2006","1","0","1","1","2"
"A00001_0421","","1",2,"42",35.11841,25,NA,"04mar2004","2","1","0","2","1"
"A00001_0463","","3",1,"21",40.76112,22,38,"15aug2003","1","1","0","0","0"
"A00001_0952","","9",1,"52",30.83915,13,NA,"04mar2004","2","1","1","1","0"
"A00001_0737","","4",2,"81",52.72553,23,NA,"04mar2004","0","1","0","2","2"
"A00001_0118","","9",1,"15",30.06708,15,30,"11oct2002","0","2","2","2","0"
"A00001_0374","","1",1,"91",58.09993,28,39,"01jul1996","2","2","0","1","0"
"A00001_0895","","4",2,"71",58.47228,16,NA,"11may1998","0","0","0","1","2"
"A00001_0385","","4",2,"12",57.42642,17,NA,"04mar2004","1","2","1","1","0"
"A00001_0255","","9",1,"92",60.16153,14,38,"09jan1998","0","2","1","2","1"
"A00001_0864","","5",1,"52",64.24641,17,NA,"04mar2004","1","2","1","2","1"
"A00001_0411","","4",1,"71",61.45106,25,38,"28nov2003","0","1","2","2","0"
"A00001_0528","","2",1,"52",52.40246,18,NA,"04mar2004","0","0","2","0","2"
"A00001_0436","","9",1,"42",55.76728,14,NA,"04mar2004","2","1","0","1","0"
"A00001_0222","","2",1,"91",35.75633,13,NA,"04mar2004","0","2","0","1","1"
"A00001_0835","","5",1,"15",47.11294,20,52,"12may2004","1","1","2","2","0"
"A00001_0634","","9",1,"14",66.39562,20,NA,"04mar2004","2","2","2","2","2"
"A00001_0659","","8",1,"34",54.4668,NA,NA,"04mar2004","0","0","1","1","0"
"A00001_0922","","5",2,"52",62.59822,19,NA,"10dec2004","1","0","0","2","2"
"A00001_0901","","4",1,"13",63.56742,NA,NA,"04mar2006","0","2","2","2","1"
"A00001_0848","","4",2,"22",63.37303,18,NA,"04mar2004","0","0","1","0","1"
"A00001_0198","","8",1,"42",60.39699,NA,NA,"04mar2004","0","1","2","2","0"
"A00001_0101","","4",2,"92",61.64819,25,NA,"15apr2004","1","2","0","2","0"
"A00001_0253","","B",1,"41",64.33128,NA,NA,"15feb2005","1","1","2","2","1"
"A00001_0467","","3",1,"13",66.3436,NA,22,"04mar2004","0","1","0","0","2"
"A00001_0236","","4",1,"33",67.43874,10,47,"07nov2005","2","2","2","1","1"
"A00001_0116","","B",1,"72",48.76112,20,NA,"04mar2004","0","1","1","2","2"
"A00001_0051","","5",2,"92",49.71116,14,NA,"01jul2004","1","1","2","2","2"
"A00001_0652","","9",2,"72",47.03628,NA,35,"15sep1996","2","2","2","1","1"
"A00001_0041","","9",2,"14",49.72485,19,NA,"05may2004","0","2","1","1","2"
"A00001_0245","","6",1,"15",36.87611,25,NA,"04mar2004","1","0","2","2","0"
"A00001_0514","","2",2,"81",60.55852,19,NA,"18aug1995","0","2","0","2","1"
"A00001_0365","","9",2,"41",58.36003,18,NA,"04mar2004","1","2","1","0","0"
"A00001_0412","","9",2,"52",43.21697,16,NA,"04mar2004","2","1","0","0","0"
"A00001_0688","","9",2,"34",59.95619,NA,NA,"24aug2006","2","0","1","0","1"
"A00001_0512","","9",1,"92",51.57563,14,38,"19aug2003","0","2","2","1","0"
"A00001_0698","","4",1,"42",63.52088,15,NA,"04mar2004","2","2","2","1","2"
"A00001_0540","","9",2,"82",51.21424,18,58,"04mar2004","0","0","0","2","0"
"A00001_0680","","B",2,"81",38.61739,18,NA,"02may2003","2","1","1","2","1"
"A00001_0452","","5",1,"32",42.02053,64,22,"04mar2004","1","2","2","2","2"
"A00001_0351","","2",1,"61",36.3614,15,NA,"07sep2006","2","0","1","1","0"
"A00001_0269","","7",2,"33",63.48802,16,NA,"04sep2006","2","0","2","1","2"
"A00001_0942","","5",1,"92",62.03696,14,35,"04mar2004","1","2","0","0","2"
"A00001_0060","","2",1,"91",60.57221,22,22,"04mar2004","2","2","1","1","2"
"A00001_0455","","2",2,"15",47.93155,14,NA,"31may2005","2","0","0","1","1"
"A00001_0155","","B",1,"51",49.14442,NA,NA,"10feb2006","1","2","1","1","1"
"A00001_0140","","4",1,"41",57.45654,NA,NA,"04mar2004","2","2","2","0","2"
"A00001_0080","","9",2,"61",62.11362,NA,NA,"17jul1997","0","2","2","2","0"
"A00001_0256","","1",1,"51",62.96509,20,NA,"04mar2004","2","1","0","1","1"
"A00001_0999","","B",2,"21",63.154,NA,49,"04mar2004","2","2","0","1","2"
"A00001_0686","","3",2,"82",54.21218,15,44,"04mar2004","1","2","2","2","2"
"A00001_0650","","6",2,"72",49.20465,20,NA,"04mar2004","0","2","0","1","1"
"A00001_0599","","9",1,"41",45.94661,24,56,"16jul2002","0","2","0","0","2"
"A00001_0355","","5",2,"31",60.39151,14,57,"04mar2004","2","0","2","2","0"
"A00001_0103","","8",1,"32",65.09788,20,64.42163,"04mar2004","0","0","0","2","0"
"A00001_0191","","9",1,"71",64.79945,14,NA,"04mar2004","0","1","1","2","0"
"A00001_0074","","3",1,"61",42.22861,15,NA,"04mar2004","1","2","1","0","2"
"A00001_0647","","8",2,"92",59.5154,NA,NA,"10sep1997","2","0","0","1","2"
"A00001_0307","","9",1,"35",39.15127,30,42,"04mar2004","0","2","0","1","0"
"A00001_0175","","5",2,"72",50.96235,NA,NA,"11jun2007","1","0","1","2","1"
"A00001_0555","","6",2,"92",60.95003,NA,NA,"04mar2004","0","2","1","1","1"
"A00001_0066","","6",2,"92",47.66598,18,NA,"04mar2004","2","1","0","2","0"
"A00001_0427","","B",2,"31",46.69952,26,NA,"04mar2004","1","1","1","1","1"
"A00001_0777","","9",2,"51",58.0178,NA,NA,"19may2004","1","0","2","2","0"
"A00001_0884","","3",2,"41",42.10815,NA,51,"04mar2004","2","2","0","1","2"
"A00001_0031","","3",1,"91",43.35113,22,42,"20may2006","0","1","2","2","1"
"A00001_0556","","2",2,"42",61.0705,20,NA,"04mar2004","2","0","0","2","1"
"A00001_0470","","3",2,"B1",47.09925,NA,NA,"27jun2008","2","2","0","0","1"
"A00001_0127","","8",1,"B2",57.70842,18,NA,"04mar2004","0","1","1","1","2"
"A00001_0969","","9",2,"51",43.26626,NA,NA,"02aug2006","0","1","2","2","0"
"A00001_0740","","9",1,"92",56.29021,23,NA,"12jan2001","1","2","2","0","0"
"A00001_0658","","9",2,"24",49.95483,14,32,"15sep1999","2","0","1","1","1"
"A00001_0443","","2",2,"41",45.89185,18,NA,"15may2003","1","2","2","0","1"
"A00001_0933","","4",2,"21",59.08008,17,21,"04mar2004","0","1","1","1","2"
"A00001_0305","","6",1,"51",64.65982,18,NA,"30may2004","0","2","1","1","2"
"A00001_0232","","4",2,"91",61.65366,18,NA,"09feb2007","1","2","2","2","2"
"A00001_0035","","8",2,"15",53.33881,NA,28,"15oct2001","1","1","2","1","0"
"A00001_0663","","B",2,"21",41.58522,15,NA,"03jan2005","0","2","0","0","1"
"A00001_0050","","8",2,"52",55.35661,NA,NA,"23sep2005","1","1","0","0","1"
"A00001_0104","","8",2,"61",45.15811,24,NA,"04mar2004","0","2","2","0","0"
"A00001_0553","","8",2,"82",49.48118,19,NA,"04mar2004","0","1","0","1","2"
"A00001_0325","","6",2,"13",27.40315,NA,NA,"21jan2004","1","2","0","0","1"
"A00001_0071","","5",1,"92",63.73169,NA,NA,"28jul2005","1","0","0","1","0"
"A00001_0573","","1",2,"B1",64.35318,NA,NA,"04mar2004","2","2","1","1","0"
"A00001_0881","","9",1,"91",38.78987,18,37,"04mar2004","2","1","2","1","2"
"A00001_0297","","9",2,"23",52.37235,18,NA,"04mar2004","1","0","0","2","0"
"A00001_0562","","2",2,"13",50.57906,16,38,"04mar2004","1","0","1","0","1"
"A00001_0905","","8",2,"92",48.05202,17,24,"11mar2008","1","1","2","1","1"
"A00001_0793","","9",2,"21",60.33128,15,25,"03nov2000","0","0","1","2","2"
"A00001_0588","","3",2,"41",75.41958,19,NA,"04mar2004","0","0","1","1","0"
"A00001_0730","","8",1,"B1",51.62765,18,NA,"18aug2003","1","0","1","0","0"
"A00001_0803","","2",1,"B1",51.91239,14,NA,"15jan2000","2","1","0","2","0"
"A00001_0593","","1",2,"41",40.42984,19,45,"04mar2004","0","0","2","0","2"
"A00001_0337","","3",2,"41",60.11225,18,42,"15mar2001","1","1","1","2","1"
"A00001_0124","","4",1,"52",50.95688,14,NA,"04mar2004","1","1","0","2","0"
"A00001_0276","","4",2,"51",64.95825,NA,NA,"05nov1996","2","2","1","1","1"
"A00001_0988","","1",1,"61",44.51745,NA,40,"04mar2004","1","1","0","0","1"
"A00001_0683","","9",2,"91",55.6742,17,NA,"04mar2004","2","1","0","2","1"
"A00001_0886","","6",1,"92",63.08282,NA,NA,"04mar2004","1","1","0","1","0"
"A00001_0673","","4",2,"11",52.21903,25,NA,"04mar2004","1","2","1","2","1"
"A00001_0832","","4",2,"92",58.51061,16,NA,"04aug2006","2","2","0","1","2"
"A00001_0057","","7",1,"71",50.15469,21,NA,"05may2004","2","2","2","1","0"
"A00001_0225","","7",2,"72",55.91239,20,31,"16jun2005","0","0","0","1","1"
"A00001_0653","","7",2,"92",76.04928,13,55,"04mar2004","1","0","0","2","1"
"A00001_0535","","B",2,"52",63.89049,NA,60,"04mar2004","0","2","1","0","0"
"A00001_0413","","5",1,"22",40.29843,21,NA,"04mar2004","1","2","0","1","0"
"A00001_0414","","8",1,"35",49.40999,NA,NA,"04mar2004","2","0","2","1","0"
"A00001_0462","","7",2,"81",49.70021,NA,NA,"04mar2004","1","1","1","0","2"
"A00001_0532","","7",2,"16",41.21561,NA,NA,"09nov2006","2","0","0","2","1"
"A00001_0260","","7",2,"92",49.6345,NA,NA,"04mar2004","0","1","1","0","2"
"A00001_0498","","9",2,"72",57.00479,20,NA,"15apr2002","2","2","0","0","1"
"A00001_0792","","7",1,"91",21.40178,15,NA,"01jan2003","2","2","2","2","2"
"A00001_0115","","1",1,"82",26.59274,NA,NA,"04mar2004","1","2","0","0","2"
"A00001_0042","","B",1,"91",57.38261,NA,NA,"16dec2002","0","2","1","0","0"
"A00001_0358","","5",1,"B1",27.04175,18,NA,"14may2004","1","1","2","1","2"
"A00001_0668","","8",1,"71",69.56879,18,NA,"11aug1997","2","0","2","2","1"
"A00001_0383","","8",2,"92",66.69678,NA,53,"04mar2004","1","2","2","1","2"
"A00001_0977","","2",1,"61",54.09446,NA,NA,"02dec2006","1","1","2","1","0"
"A00001_0483","","8",2,"81",64.65982,19,NA,"18aug2003","1","1","0","1","0"
"A00001_0987","","B",2,"31",72.53662,19,NA,"20may2005","0","0","2","0","0"
"A00001_0926","","9",2,"51",51.68789,20,NA,"15aug2000","1","2","1","2","1"
"A00001_0543","","7",2,"81",55.93155,NA,NA,"04mar2004","2","2","2","1","1"
"A00001_0966","","7",1,"92",60.67625,28,NA,"04mar2004","1","1","0","2","2"
"A00001_0889","","2",1,"72",28.59959,17,NA,"17feb2007","0","1","0","0","2"
"A00001_0257","","9",1,"42",61.48665,NA,60,"17jun1999","1","0","2","1","0"
